{
    "metrics": {
        "http_req_waiting": {
            "p(90)": 1.5206981000000006,
            "p(95)": 1.8246428499999998,
            "p(99)": 3.136091209999998,
            "avg": 1.0164922892617465,
            "min": 0.509481,
            "med": 0.8757079999999999,
            "max": 6.706476
        },
        "checks": {
            "passes": 2980,
            "fails": 0,
            "value": 1
        },
        "vus_max": {
            "max": 10,
            "value": 10,
            "min": 10
        },
        "http_req_duration{ep:models}": {
            "avg": 1.063134677852346,
            "min": 0.555056,
            "med": 0.9253875,
            "max": 6.812556,
            "p(90)": 1.5648825000000004,
            "p(95)": 1.859929,
            "p(99)": 3.1849832399999984,
            "thresholds": {
                "p(95)<1200": false
            }
        },
        "data_sent": {
            "count": 117710,
            "rate": 3918.6735336043525
        },
        "http_req_blocked": {
            "p(99)": 0.0223511199999999,
            "avg": 0.008912733557046972,
            "min": 0.001152,
            "med": 0.002806,
            "max": 1.303953,
            "p(90)": 0.003900000000000004,
            "p(95)": 0.004790999999999998
        },
        "http_req_receiving": {
            "min": 0.013114,
            "med": 0.0313745,
            "max": 0.309605,
            "p(90)": 0.05216300000000006,
            "p(95)": 0.062336499999999996,
            "p(99)": 0.1010717099999999,
            "avg": 0.036337957718120824
        },
        "data_received": {
            "rate": 12599.279462474755,
            "count": 378460
        },
        "http_req_sending": {
            "avg": 0.0103044308724832,
            "min": 0.004559,
            "med": 0.00789,
            "max": 0.194693,
            "p(90)": 0.014497099999999999,
            "p(95)": 0.020264449999999996,
            "p(99)": 0.06331744999999991
        },
        "http_req_connecting": {
            "avg": 0.003126901342281879,
            "min": 0,
            "med": 0,
            "max": 1.087126,
            "p(90)": 0,
            "p(95)": 0,
            "p(99)": 0
        },
        "iteration_duration": {
            "p(95)": 202.43050284999998,
            "p(99)": 203.6890718,
            "avg": 201.5636856308727,
            "min": 200.664346,
            "med": 201.4610955,
            "max": 208.566398,
            "p(90)": 202.0812253
        },
        "http_req_failed": {
            "passes": 0,
            "fails": 1490,
            "thresholds": {
                "rate<0.01": false
            },
            "value": 0
        },
        "iterations": {
            "rate": 49.603462450688006,
            "count": 1490
        },
        "http_req_duration{expected_response:true}": {
            "avg": 1.063134677852346,
            "min": 0.555056,
            "med": 0.9253875,
            "max": 6.812556,
            "p(90)": 1.5648825000000004,
            "p(95)": 1.859929,
            "p(99)": 3.1849832399999984
        },
        "http_req_tls_handshaking": {
            "max": 0,
            "p(90)": 0,
            "p(95)": 0,
            "p(99)": 0,
            "avg": 0,
            "min": 0,
            "med": 0
        },
        "vus": {
            "min": 10,
            "max": 10,
            "value": 10
        },
        "http_req_duration": {
            "p(95)": 1.859929,
            "p(99)": 3.1849832399999984,
            "avg": 1.063134677852346,
            "min": 0.555056,
            "med": 0.9253875,
            "max": 6.812556,
            "p(90)": 1.5648825000000004
        },
        "http_reqs": {
            "count": 1490,
            "rate": 49.603462450688006
        }
    },
    "root_group": {
        "groups": {},
        "checks": {
                "200": {
                    "passes": 1490,
                    "fails": 0,
                    "name": "200",
                    "path": "::200",
                    "id": "4230b0c1b1cb609da348fcf04ffd96f4"
                },
                "tem data": {
                    "name": "tem data",
                    "path": "::tem data",
                    "id": "a60662b859b046035f72984a040b0b71",
                    "passes": 1490,
                    "fails": 0
                }
            },
        "name": "",
        "path": "",
        "id": "d41d8cd98f00b204e9800998ecf8427e"
    }
}