{
    "metrics": {
        "http_req_duration": {
            "avg": 1.3161494355704697,
            "min": 0.236459,
            "med": 1.287145,
            "max": 2.707919,
            "p(90)": 1.9507640000000002,
            "p(95)": 2.0619255
        },
        "vus": {
            "value": 10,
            "min": 10,
            "max": 10
        },
        "http_req_duration{ep:models}": {
            "p(90)": 1.9507640000000002,
            "p(95)": 2.0619255,
            "avg": 1.3161494355704697,
            "min": 0.236459,
            "med": 1.287145,
            "max": 2.707919,
            "thresholds": {
                "p(95)<1200": false
            }
        },
        "http_req_failed": {
            "passes": 0,
            "fails": 1490,
            "thresholds": {
                "rate<0.01": false
            },
            "value": 0
        },
        "http_req_blocked": {
            "p(95)": 0.003670449999999999,
            "avg": 0.0031957181208053715,
            "min": 0.00065,
            "med": 0.00206,
            "max": 0.174609,
            "p(90)": 0.0034
        },
        "iteration_duration": {
            "avg": 201.76713963221485,
            "min": 200.355014,
            "med": 201.77900649999998,
            "max": 203.403068,
            "p(90)": 202.53535730000002,
            "p(95)": 202.71777845
        },
        "iterations": {
            "count": 1490,
            "rate": 49.55826651902088
        },
        "http_req_duration{expected_response:true}": {
            "p(95)": 2.0619255,
            "avg": 1.3161494355704697,
            "min": 0.236459,
            "med": 1.287145,
            "max": 2.707919,
            "p(90)": 1.9507640000000002
        },
        "http_req_sending": {
            "p(95)": 0.013076999999999993,
            "avg": 0.007658517449664421,
            "min": 0.00202,
            "med": 0.00508,
            "max": 0.284269,
            "p(90)": 0.010521
        },
        "vus_max": {
            "max": 10,
            "value": 10,
            "min": 10
        },
        "http_req_tls_handshaking": {
            "p(95)": 0,
            "avg": 0,
            "min": 0,
            "med": 0,
            "max": 0,
            "p(90)": 0
        },
        "data_sent": {
            "count": 117710,
            "rate": 3915.10305500265
        },
        "http_req_waiting": {
            "min": 0.223319,
            "med": 1.2606600000000001,
            "max": 2.695039,
            "p(90)": 1.927364,
            "p(95)": 2.035775,
            "avg": 1.2914216791946285
        },
        "checks": {
            "passes": 2980,
            "fails": 0,
            "value": 1
        },
        "data_received": {
            "count": 378460,
            "rate": 12587.799695831303
        },
        "http_reqs": {
            "count": 1490,
            "rate": 49.55826651902088
        },
        "http_req_connecting": {
            "p(90)": 0,
            "p(95)": 0,
            "avg": 0.0005599953020134228,
            "min": 0,
            "med": 0,
            "max": 0.093459
        },
        "http_req_receiving": {
            "min": 0.00368,
            "med": 0.01353,
            "max": 0.302688,
            "p(90)": 0.025615000000000006,
            "p(95)": 0.037117499999999956,
            "avg": 0.017069238926174513
        }
    },
    "root_group": {
        "id": "d41d8cd98f00b204e9800998ecf8427e",
        "groups": {},
        "checks": {
                "200": {
                    "name": "200",
                    "path": "::200",
                    "id": "4230b0c1b1cb609da348fcf04ffd96f4",
                    "passes": 1490,
                    "fails": 0
                },
                "tem data": {
                    "name": "tem data",
                    "path": "::tem data",
                    "id": "a60662b859b046035f72984a040b0b71",
                    "passes": 1490,
                    "fails": 0
                }
            },
        "name": "",
        "path": ""
    }
}