{
    "metrics": {
        "iterations": {
            "count": 1490,
            "rate": 49.57668860586064
        },
        "http_req_tls_handshaking": {
            "min": 0,
            "med": 0,
            "max": 0,
            "p(90)": 0,
            "p(95)": 0,
            "avg": 0
        },
        "data_received": {
            "count": 378460,
            "rate": 12592.478905888602
        },
        "http_req_duration{ep:models}": {
            "med": 1.160307,
            "max": 3.273991,
            "p(90)": 1.9668899000000004,
            "p(95)": 2.09399995,
            "avg": 1.2065495449664423,
            "min": 0.25613,
            "thresholds": {
                "p(95)<1200": false
            }
        },
        "http_req_duration": {
            "avg": 1.2065495449664423,
            "min": 0.25613,
            "med": 1.160307,
            "max": 3.273991,
            "p(90)": 1.9668899000000004,
            "p(95)": 2.09399995
        },
        "http_reqs": {
            "count": 1490,
            "rate": 49.57668860586064
        },
        "http_req_waiting": {
            "p(90)": 1.94491,
            "p(95)": 2.07401155,
            "avg": 1.1823826865771812,
            "min": 0.23727,
            "med": 1.139002,
            "max": 3.208132
        },
        "http_req_receiving": {
            "med": 0.014020000000000001,
            "max": 0.277299,
            "p(90)": 0.02618800000000001,
            "p(95)": 0.032844,
            "avg": 0.016786075167785228,
            "min": 0.00404
        },
        "http_req_blocked": {
            "p(90)": 0.0036010000000000013,
            "p(95)": 0.004050999999999999,
            "avg": 0.0037813053691275163,
            "min": 0.00069,
            "med": 0.00212,
            "max": 0.21154
        },
        "data_sent": {
            "count": 117710,
            "rate": 3916.5583998629904
        },
        "iteration_duration": {
            "avg": 201.6950070046981,
            "min": 200.330032,
            "med": 201.66591749999998,
            "max": 204.149891,
            "p(90)": 202.4849328,
            "p(95)": 202.8302745
        },
        "http_req_failed": {
            "fails": 1490,
            "passes": 0,
            "thresholds": {
                "rate<0.01": false
            },
            "value": 0
        },
        "http_req_duration{expected_response:true}": {
            "max": 3.273991,
            "p(90)": 1.9668899000000004,
            "p(95)": 2.09399995,
            "avg": 1.2065495449664423,
            "min": 0.25613,
            "med": 1.160307
        },
        "http_req_connecting": {
            "max": 0.1012,
            "p(90)": 0,
            "p(95)": 0,
            "avg": 0.0005279932885906039,
            "min": 0,
            "med": 0
        },
        "checks": {
            "passes": 2980,
            "fails": 0,
            "value": 1
        },
        "vus_max": {
            "value": 10,
            "min": 10,
            "max": 10
        },
        "http_req_sending": {
            "avg": 0.00738078322147651,
            "min": 0.00218,
            "med": 0.00531,
            "max": 0.272239,
            "p(90)": 0.010871,
            "p(95)": 0.013585499999999999
        },
        "vus": {
            "value": 10,
            "min": 10,
            "max": 10
        }
    },
    "root_group": {
        "checks": {
            "200": {
                "name": "200",
                "path": "::200",
                "id": "4230b0c1b1cb609da348fcf04ffd96f4",
                "passes": 1490,
                "fails": 0
            },
            "tem data": {
                "passes": 1490,
                "fails": 0,
                "name": "tem data",
                "path": "::tem data",
                "id": "a60662b859b046035f72984a040b0b71"
            }
        },
        "name": "",
        "path": "",
        "id": "d41d8cd98f00b204e9800998ecf8427e",
        "groups": {}
    }
}