{
    "metrics": {
        "http_req_waiting": {
            "med": 1.1333060000000001,
            "max": 2.786749,
            "p(90)": 1.361398,
            "p(95)": 1.4245355000000002,
            "avg": 1.0960603232526933,
            "min": 0.220169
        },
        "data_received": {
            "count": 3779520,
            "rate": 6298.751077617759
        },
        "http_req_duration{ep:models}": {
            "avg": 1.1199606879704314,
            "min": 0.232189,
            "med": 1.155481,
            "max": 2.817109,
            "p(90)": 1.3839559000000001,
            "p(95)": 1.4506059999999998,
            "thresholds": {
                "p(95)<1200": false
            }
        },
        "http_reqs": {
            "rate": 24.798232589046293,
            "count": 14880
        },
        "iterations": {
            "count": 14880,
            "rate": 24.798232589046293
        },
        "checks": {
            "passes": 29760,
            "fails": 0,
            "value": 1
        },
        "http_req_connecting": {
            "min": 0,
            "med": 0,
            "max": 0.09027,
            "p(90)": 0,
            "p(95)": 0,
            "avg": 0.00002389717741935484
        },
        "vus_max": {
            "value": 5,
            "min": 5,
            "max": 5
        },
        "http_req_duration": {
            "min": 0.232189,
            "med": 1.155481,
            "max": 2.817109,
            "p(90)": 1.3839559000000001,
            "p(95)": 1.4506059999999998,
            "avg": 1.1199606879704314
        },
        "http_req_blocked": {
            "p(95)": 0.00390905,
            "avg": 0.0029317403225806575,
            "min": 0.00078,
            "med": 0.00265,
            "max": 0.276499,
            "p(90)": 0.0035
        },
        "http_req_failed": {
            "fails": 14880,
            "passes": 0,
            "thresholds": {
                "rate<0.01": false
            },
            "value": 0
        },
        "vus": {
            "value": 5,
            "min": 5,
            "max": 5
        },
        "http_req_duration{expected_response:true}": {
            "p(90)": 1.3839559000000001,
            "p(95)": 1.4506059999999998,
            "avg": 1.1199606879704314,
            "min": 0.232189,
            "med": 1.155481,
            "max": 2.817109
        },
        "http_req_tls_handshaking": {
            "med": 0,
            "max": 0,
            "p(90)": 0,
            "p(95)": 0,
            "avg": 0,
            "min": 0
        },
        "data_sent": {
            "count": 1175520,
            "rate": 1959.0603745346573
        },
        "iteration_duration": {
            "med": 201.609892,
            "max": 203.203693,
            "p(90)": 202.0925581,
            "p(95)": 202.22879254999998,
            "avg": 201.61589812836013,
            "min": 200.32107
        },
        "http_req_receiving": {
            "avg": 0.015406509139784946,
            "min": 0.0037,
            "med": 0.01311,
            "max": 0.427189,
            "p(90)": 0.023582000000000006,
            "p(95)": 0.02786
        },
        "http_req_sending": {
            "avg": 0.008493855577957,
            "min": 0.00205,
            "med": 0.0071395,
            "max": 0.434808,
            "p(90)": 0.0104991,
            "p(95)": 0.01348
        }
    },
    "root_group": {
        "groups": {},
        "checks": {
                "200": {
                    "passes": 14880,
                    "fails": 0,
                    "name": "200",
                    "path": "::200",
                    "id": "4230b0c1b1cb609da348fcf04ffd96f4"
                },
                "tem data": {
                    "name": "tem data",
                    "path": "::tem data",
                    "id": "a60662b859b046035f72984a040b0b71",
                    "passes": 14880,
                    "fails": 0
                }
            },
        "name": "",
        "path": "",
        "id": "d41d8cd98f00b204e9800998ecf8427e"
    }
}