{
    "root_group": {
        "name": "",
        "path": "",
        "id": "d41d8cd98f00b204e9800998ecf8427e",
        "groups": {},
        "checks": {
                "200": {
                    "name": "200",
                    "path": "::200",
                    "id": "4230b0c1b1cb609da348fcf04ffd96f4",
                    "passes": 1490,
                    "fails": 0
                },
                "tem data": {
                    "name": "tem data",
                    "path": "::tem data",
                    "id": "a60662b859b046035f72984a040b0b71",
                    "passes": 1490,
                    "fails": 0
                }
            }
    },
    "metrics": {
        "http_req_waiting": {
            "med": 1.270187,
            "max": 3.11715,
            "p(90)": 1.9157079000000001,
            "p(95)": 2.0076565,
            "avg": 1.2869152046979841,
            "min": 0.243838
        },
        "http_reqs": {
            "rate": 49.56765736119057,
            "count": 1490
        },
        "http_req_tls_handshaking": {
            "med": 0,
            "max": 0,
            "p(90)": 0,
            "p(95)": 0,
            "avg": 0,
            "min": 0
        },
        "data_sent": {
            "count": 117710,
            "rate": 3915.844931534055
        },
        "vus": {
            "value": 10,
            "min": 10,
            "max": 10
        },
        "http_req_blocked": {
            "avg": 0.0033890369127516826,
            "min": 0.00074,
            "med": 0.0021,
            "max": 0.180569,
            "p(90)": 0.0034,
            "p(95)": 0.00375
        },
        "http_req_receiving": {
            "med": 0.013090000000000001,
            "max": 0.184929,
            "p(90)": 0.024012000000000002,
            "p(95)": 0.03244099999999994,
            "avg": 0.015724718120805364,
            "min": 0.00369
        },
        "http_req_duration": {
            "avg": 1.3115349161073842,
            "min": 0.260858,
            "med": 1.2932165,
            "max": 3.17915,
            "p(90)": 1.9426380000000003,
            "p(95)": 2.03431245
        },
        "data_received": {
            "count": 378460,
            "rate": 12590.184969742406
        },
        "http_req_failed": {
            "passes": 0,
            "fails": 1490,
            "thresholds": {
                "rate<0.01": false
            },
            "value": 0
        },
        "iterations": {
            "count": 1490,
            "rate": 49.56765736119057
        },
        "vus_max": {
            "value": 10,
            "min": 10,
            "max": 10
        },
        "iteration_duration": {
            "max": 203.792355,
            "p(90)": 202.51372999999998,
            "p(95)": 202.7032,
            "avg": 201.7344316140938,
            "min": 200.343311,
            "med": 201.6701635
        },
        "http_req_sending": {
            "p(90)": 0.010820900000000001,
            "p(95)": 0.015417499999999997,
            "avg": 0.008894993288590603,
            "min": 0.00227,
            "med": 0.00524,
            "max": 0.434997
        },
        "http_req_duration{ep:models}": {
            "avg": 1.3115349161073842,
            "min": 0.260858,
            "med": 1.2932165,
            "max": 3.17915,
            "p(90)": 1.9426380000000003,
            "p(95)": 2.03431245,
            "thresholds": {
                "p(95)<1200": false
            }
        },
        "http_req_connecting": {
            "avg": 0.0004962040268456376,
            "min": 0,
            "med": 0,
            "max": 0.099469,
            "p(90)": 0,
            "p(95)": 0
        },
        "checks": {
            "passes": 2980,
            "fails": 0,
            "value": 1
        },
        "http_req_duration{expected_response:true}": {
            "med": 1.2932165,
            "max": 3.17915,
            "p(90)": 1.9426380000000003,
            "p(95)": 2.03431245,
            "avg": 1.3115349161073842,
            "min": 0.260858
        }
    }
}