{
    "root_group": {
        "name": "",
        "path": "",
        "id": "d41d8cd98f00b204e9800998ecf8427e",
        "groups": {},
        "checks": {
                "200": {
                    "passes": 1490,
                    "fails": 0,
                    "name": "200",
                    "path": "::200",
                    "id": "4230b0c1b1cb609da348fcf04ffd96f4"
                },
                "tem data": {
                    "name": "tem data",
                    "path": "::tem data",
                    "id": "a60662b859b046035f72984a040b0b71",
                    "passes": 1490,
                    "fails": 0
                }
            }
    },
    "metrics": {
        "iterations": {
            "rate": 49.59615058368155,
            "count": 1490
        },
        "http_req_duration{ep:models}": {
            "p(90)": 1.8581410000000003,
            "p(95)": 1.9934515,
            "avg": 1.1338978590604025,
            "min": 0.232599,
            "med": 1.06689,
            "max": 3.174246,
            "thresholds": {
                "p(95)<1200": false
            }
        },
        "vus": {
            "value": 10,
            "min": 10,
            "max": 10
        },
        "http_req_tls_handshaking": {
            "p(90)": 0,
            "p(95)": 0,
            "avg": 0,
            "min": 0,
            "med": 0,
            "max": 0
        },
        "vus_max": {
            "value": 10,
            "min": 10,
            "max": 10
        },
        "http_req_waiting": {
            "avg": 1.1113185664429541,
            "min": 0.217649,
            "med": 1.0471759999999999,
            "max": 3.113536,
            "p(90)": 1.8385420000000001,
            "p(95)": 1.9769495
        },
        "checks": {
            "passes": 2980,
            "fails": 0,
            "value": 1
        },
        "data_sent": {
            "rate": 3918.0958961108427,
            "count": 117710
        },
        "data_received": {
            "count": 378460,
            "rate": 12597.422248255114
        },
        "http_reqs": {
            "count": 1490,
            "rate": 49.59615058368155
        },
        "http_req_duration{expected_response:true}": {
            "avg": 1.1338978590604025,
            "min": 0.232599,
            "med": 1.06689,
            "max": 3.174246,
            "p(90)": 1.8581410000000003,
            "p(95)": 1.9934515
        },
        "http_req_receiving": {
            "p(95)": 0.0283585,
            "avg": 0.015360123489932887,
            "min": 0.00367,
            "med": 0.0130645,
            "max": 0.269509,
            "p(90)": 0.023901000000000002
        },
        "iteration_duration": {
            "avg": 201.61648786442933,
            "min": 200.310714,
            "med": 201.5855565,
            "max": 204.029458,
            "p(90)": 202.41692079999999,
            "p(95)": 202.64875305
        },
        "http_req_sending": {
            "min": 0.0021,
            "med": 0.00491,
            "max": 0.306709,
            "p(90)": 0.010592000000000002,
            "p(95)": 0.014062999999999997,
            "avg": 0.007219169127516768
        },
        "http_req_connecting": {
            "max": 0.10113,
            "p(90)": 0,
            "p(95)": 0,
            "avg": 0.0004995973154362415,
            "min": 0,
            "med": 0
        },
        "http_req_failed": {
            "passes": 0,
            "fails": 1490,
            "thresholds": {
                "rate<0.01": false
            },
            "value": 0
        },
        "http_req_blocked": {
            "med": 0.00201,
            "max": 0.424298,
            "p(90)": 0.00334,
            "p(95)": 0.0036854999999999995,
            "avg": 0.003365568456375839,
            "min": 0.00086
        },
        "http_req_duration": {
            "avg": 1.1338978590604025,
            "min": 0.232599,
            "med": 1.06689,
            "max": 3.174246,
            "p(90)": 1.8581410000000003,
            "p(95)": 1.9934515
        }
    }
}