{
    "metrics": {
        "http_req_failed": {
            "passes": 0,
            "fails": 1490,
            "thresholds": {
                "rate<0.01": false
            },
            "value": 0
        },
        "http_req_sending": {
            "min": 0.00209,
            "med": 0.00493,
            "max": 0.239979,
            "p(90)": 0.010190900000000001,
            "p(95)": 0.013675499999999998,
            "avg": 0.006938198657718112
        },
        "checks": {
            "passes": 2980,
            "fails": 0,
            "value": 1
        },
        "iteration_duration": {
            "med": 201.63281849999998,
            "max": 204.02296,
            "p(90)": 202.4744481,
            "p(95)": 202.71690145,
            "avg": 201.69971995906067,
            "min": 200.322278
        },
        "http_req_duration{ep:models}": {
            "avg": 1.2501594503355715,
            "min": 0.250109,
            "med": 1.191092,
            "max": 3.49876,
            "p(90)": 1.8708799,
            "p(95)": 1.975946,
            "thresholds": {
                "p(95)<1200": false
            }
        },
        "http_reqs": {
            "count": 1490,
            "rate": 49.57595184798847
        },
        "http_req_waiting": {
            "avg": 1.227468808724834,
            "min": 0.233569,
            "med": 1.1712265,
            "max": 3.45211,
            "p(90)": 1.8517270000000001,
            "p(95)": 1.95581655
        },
        "http_req_connecting": {
            "avg": 0.0005603288590604028,
            "min": 0,
            "med": 0,
            "max": 0.10533,
            "p(90)": 0,
            "p(95)": 0
        },
        "http_req_receiving": {
            "min": 0.00361,
            "med": 0.012805,
            "max": 0.232059,
            "p(90)": 0.023431,
            "p(95)": 0.03158249999999999,
            "avg": 0.01575244295302013
        },
        "data_sent": {
            "count": 117710,
            "rate": 3916.500195991089
        },
        "vus": {
            "value": 10,
            "min": 10,
            "max": 10
        },
        "data_received": {
            "rate": 12592.291769389072,
            "count": 378460
        },
        "http_req_blocked": {
            "p(95)": 0.0037354999999999992,
            "avg": 0.0030517966442953,
            "min": 0.00083,
            "med": 0.00204,
            "max": 0.152719,
            "p(90)": 0.0033510000000000015
        },
        "iterations": {
            "count": 1490,
            "rate": 49.57595184798847
        },
        "http_req_duration": {
            "avg": 1.2501594503355715,
            "min": 0.250109,
            "med": 1.191092,
            "max": 3.49876,
            "p(90)": 1.8708799,
            "p(95)": 1.975946
        },
        "http_req_duration{expected_response:true}": {
            "p(95)": 1.975946,
            "avg": 1.2501594503355715,
            "min": 0.250109,
            "med": 1.191092,
            "max": 3.49876,
            "p(90)": 1.8708799
        },
        "http_req_tls_handshaking": {
            "p(95)": 0,
            "avg": 0,
            "min": 0,
            "med": 0,
            "max": 0,
            "p(90)": 0
        },
        "vus_max": {
            "value": 10,
            "min": 10,
            "max": 10
        }
    },
    "root_group": {
        "id": "d41d8cd98f00b204e9800998ecf8427e",
        "groups": {},
        "checks": {
                "200": {
                    "passes": 1490,
                    "fails": 0,
                    "name": "200",
                    "path": "::200",
                    "id": "4230b0c1b1cb609da348fcf04ffd96f4"
                },
                "tem data": {
                    "path": "::tem data",
                    "id": "a60662b859b046035f72984a040b0b71",
                    "passes": 1490,
                    "fails": 0,
                    "name": "tem data"
                }
            },
        "name": "",
        "path": ""
    }
}