{
    "root_group": {
        "name": "",
        "path": "",
        "id": "d41d8cd98f00b204e9800998ecf8427e",
        "groups": {},
        "checks": {
                "200": {
                    "name": "200",
                    "path": "::200",
                    "id": "4230b0c1b1cb609da348fcf04ffd96f4",
                    "passes": 1490,
                    "fails": 0
                },
                "tem data": {
                    "name": "tem data",
                    "path": "::tem data",
                    "id": "a60662b859b046035f72984a040b0b71",
                    "passes": 1490,
                    "fails": 0
                }
            }
    },
    "metrics": {
        "checks": {
            "passes": 2980,
            "fails": 0,
            "value": 1
        },
        "http_req_duration": {
            "min": 0.240129,
            "med": 1.2054405,
            "max": 2.54241,
            "p(90)": 1.8839270000000001,
            "p(95)": 1.9940465,
            "avg": 1.2463715932885888
        },
        "http_req_waiting": {
            "max": 2.511821,
            "p(90)": 1.860429,
            "p(95)": 1.9656265,
            "avg": 1.2216678671140935,
            "min": 0.22407,
            "med": 1.18585
        },
        "http_req_failed": {
            "passes": 0,
            "fails": 1490,
            "thresholds": {
                "rate<0.01": false
            },
            "value": 0
        },
        "http_reqs": {
            "count": 1490,
            "rate": 49.5710762239972
        },
        "http_req_sending": {
            "med": 0.00507,
            "max": 0.417909,
            "p(90)": 0.010403000000000004,
            "p(95)": 0.014349499999999996,
            "avg": 0.00799143288590605,
            "min": 0.00207
        },
        "iteration_duration": {
            "p(95)": 202.5467106,
            "avg": 201.7182560845638,
            "min": 200.322517,
            "med": 201.73476349999999,
            "max": 203.1203,
            "p(90)": 202.383545
        },
        "data_sent": {
            "rate": 3916.1150216957785,
            "count": 117710
        },
        "http_req_duration{expected_response:true}": {
            "avg": 1.2463715932885888,
            "min": 0.240129,
            "med": 1.2054405,
            "max": 2.54241,
            "p(90)": 1.8839270000000001,
            "p(95)": 1.9940465
        },
        "http_req_connecting": {
            "avg": 0.00043527181208053697,
            "min": 0,
            "med": 0,
            "max": 0.08501,
            "p(90)": 0,
            "p(95)": 0
        },
        "http_req_duration{ep:models}": {
            "avg": 1.2463715932885888,
            "min": 0.240129,
            "med": 1.2054405,
            "max": 2.54241,
            "p(90)": 1.8839270000000001,
            "p(95)": 1.9940465,
            "thresholds": {
                "p(95)<1200": false
            }
        },
        "iterations": {
            "count": 1490,
            "rate": 49.5710762239972
        },
        "data_received": {
            "count": 378460,
            "rate": 12591.053360895288
        },
        "http_req_receiving": {
            "p(90)": 0.02546600000000001,
            "p(95)": 0.0331075,
            "avg": 0.016712293288590592,
            "min": 0.00366,
            "med": 0.013315,
            "max": 0.318129
        },
        "http_req_blocked": {
            "max": 0.164879,
            "p(90)": 0.00346,
            "p(95)": 0.00382,
            "avg": 0.003313366442953025,
            "min": 0.00087,
            "med": 0.00208
        },
        "vus": {
            "value": 10,
            "min": 10,
            "max": 10
        },
        "vus_max": {
            "value": 10,
            "min": 10,
            "max": 10
        },
        "http_req_tls_handshaking": {
            "p(90)": 0,
            "p(95)": 0,
            "avg": 0,
            "min": 0,
            "med": 0,
            "max": 0
        }
    }
}