{
    "root_group": {
        "name": "",
        "path": "",
        "id": "d41d8cd98f00b204e9800998ecf8427e",
        "groups": {},
        "checks": {
                "200": {
                    "fails": 0,
                    "name": "200",
                    "path": "::200",
                    "id": "4230b0c1b1cb609da348fcf04ffd96f4",
                    "passes": 1490
                },
                "tem data": {
                    "name": "tem data",
                    "path": "::tem data",
                    "id": "a60662b859b046035f72984a040b0b71",
                    "passes": 1490,
                    "fails": 0
                }
            }
    },
    "metrics": {
        "vus": {
            "min": 10,
            "max": 10,
            "value": 10
        },
        "http_req_tls_handshaking": {
            "p(90)": 0,
            "p(95)": 0,
            "avg": 0,
            "min": 0,
            "med": 0,
            "max": 0
        },
        "http_req_duration{expected_response:true}": {
            "max": 5.166022,
            "p(90)": 2.037144,
            "p(95)": 2.1575375,
            "avg": 1.390791404697988,
            "min": 0.269449,
            "med": 1.293098
        },
        "http_req_connecting": {
            "min": 0,
            "med": 0,
            "max": 0.09813,
            "p(90)": 0,
            "p(95)": 0,
            "avg": 0.0005416040268456375
        },
        "http_req_failed": {
            "passes": 0,
            "fails": 1490,
            "thresholds": {
                "rate<0.01": false
            },
            "value": 0
        },
        "http_req_waiting": {
            "avg": 1.3668673731543621,
            "min": 0.25645,
            "med": 1.274498,
            "max": 5.143832,
            "p(90)": 2.012989,
            "p(95)": 2.12511455
        },
        "http_req_receiving": {
            "med": 0.01353,
            "max": 0.22911,
            "p(90)": 0.024611,
            "p(95)": 0.031561499999999985,
            "avg": 0.016402834899328887,
            "min": 0.00381
        },
        "data_received": {
            "count": 378460,
            "rate": 12582.352856722935
        },
        "iteration_duration": {
            "avg": 201.85218891677832,
            "min": 200.368895,
            "med": 201.754354,
            "max": 205.252048,
            "p(90)": 202.5945242,
            "p(95)": 202.79858305
        },
        "checks": {
            "fails": 0,
            "passes": 2980,
            "value": 1
        },
        "http_reqs": {
            "count": 1490,
            "rate": 49.53682227056274
        },
        "http_req_duration": {
            "max": 5.166022,
            "p(90)": 2.037144,
            "p(95)": 2.1575375,
            "avg": 1.390791404697988,
            "min": 0.269449,
            "med": 1.293098
        },
        "http_req_duration{ep:models}": {
            "avg": 1.390791404697988,
            "min": 0.269449,
            "med": 1.293098,
            "max": 5.166022,
            "p(90)": 2.037144,
            "p(95)": 2.1575375,
            "thresholds": {
                "p(95)<1200": false
            }
        },
        "http_req_blocked": {
            "avg": 0.0032396046979865792,
            "min": 0.00055,
            "med": 0.00217,
            "max": 0.1612,
            "p(90)": 0.00361,
            "p(95)": 0.004010999999999999
        },
        "http_req_sending": {
            "p(95)": 0.014587499999999998,
            "avg": 0.007521196644295294,
            "min": 0.00135,
            "med": 0.005445,
            "max": 0.1853,
            "p(90)": 0.01132
        },
        "iterations": {
            "count": 1490,
            "rate": 49.53682227056274
        },
        "vus_max": {
            "value": 10,
            "min": 10,
            "max": 10
        },
        "data_sent": {
            "count": 117710,
            "rate": 3913.408959374456
        }
    }
}