{
    "root_group": {
        "checks": {
            "200": {
                "path": "::200",
                "id": "4230b0c1b1cb609da348fcf04ffd96f4",
                "passes": 1490,
                "fails": 0,
                "name": "200"
            },
            "tem data": {
                "name": "tem data",
                "path": "::tem data",
                "id": "a60662b859b046035f72984a040b0b71",
                "passes": 1490,
                "fails": 0
            }
        },
        "name": "",
        "path": "",
        "id": "d41d8cd98f00b204e9800998ecf8427e",
        "groups": {}
    },
    "metrics": {
        "iteration_duration": {
            "avg": 201.68096837785265,
            "min": 200.330998,
            "med": 201.64015799999999,
            "max": 204.375935,
            "p(90)": 202.4655219,
            "p(95)": 202.7954035
        },
        "iterations": {
            "count": 1490,
            "rate": 49.58023118877673
        },
        "data_received": {
            "count": 378460,
            "rate": 12593.37872194929
        },
        "http_req_duration{ep:models}": {
            "avg": 1.2274209932885922,
            "min": 0.208179,
            "med": 1.134126,
            "max": 3.288086,
            "p(90)": 1.9878490000000002,
            "p(95)": 2.10676605,
            "thresholds": {
                "p(95)<1200": false
            }
        },
        "vus": {
            "value": 10,
            "min": 10,
            "max": 10
        },
        "http_req_waiting": {
            "avg": 1.2026592798657731,
            "min": 0.198899,
            "med": 1.107396,
            "max": 3.237467,
            "p(90)": 1.9601830000000002,
            "p(95)": 2.07986295
        },
        "http_req_blocked": {
            "avg": 0.003266176510067111,
            "min": 0.00095,
            "med": 0.00213,
            "max": 0.157309,
            "p(90)": 0.00345,
            "p(95)": 0.00379
        },
        "checks": {
            "passes": 2980,
            "fails": 0,
            "value": 1
        },
        "http_req_connecting": {
            "med": 0,
            "max": 0.09605,
            "p(90)": 0,
            "p(95)": 0,
            "avg": 0.0004595899328859061,
            "min": 0
        },
        "http_req_sending": {
            "min": 0.00221,
            "med": 0.0051845,
            "max": 0.344268,
            "p(90)": 0.010522000000000002,
            "p(95)": 0.0129255,
            "avg": 0.007566495973154339
        },
        "data_sent": {
            "count": 117710,
            "rate": 3916.8382639133615
        },
        "http_req_duration{expected_response:true}": {
            "p(95)": 2.10676605,
            "avg": 1.2274209932885922,
            "min": 0.208179,
            "med": 1.134126,
            "max": 3.288086,
            "p(90)": 1.9878490000000002
        },
        "http_req_duration": {
            "p(90)": 1.9878490000000002,
            "p(95)": 2.10676605,
            "avg": 1.2274209932885922,
            "min": 0.208179,
            "med": 1.134126,
            "max": 3.288086
        },
        "http_req_tls_handshaking": {
            "med": 0,
            "max": 0,
            "p(90)": 0,
            "p(95)": 0,
            "avg": 0,
            "min": 0
        },
        "http_req_failed": {
            "passes": 0,
            "fails": 1490,
            "thresholds": {
                "rate<0.01": false
            },
            "value": 0
        },
        "http_reqs": {
            "count": 1490,
            "rate": 49.58023118877673
        },
        "vus_max": {
            "value": 10,
            "min": 10,
            "max": 10
        },
        "http_req_receiving": {
            "med": 0.013475,
            "max": 0.275999,
            "p(90)": 0.025133000000000003,
            "p(95)": 0.034450049999999975,
            "avg": 0.017195217449664457,
            "min": 0.00353
        }
    }
}